,0
Pink Friday: Roman Reloaded Re-Up (w/dvd),0
Lundberg Organic Cinnamon Toast Rice Cakes,1
K-Y Love Sensuality Pleasure Gel,2
"J.R. Watkins Hand Cream, Lemon Cream",3
Ambi Complexion Cleansing Bar,4
"Johnson's Baby Bubble Bath and Wash, 15oz",5
Olay Regenerist Deep Hydration Regenerating Cream,6
Windex Original Glass Cleaner Refill 67.6oz (2 Liter),7
"Heinz Tomato Ketchup, 38oz",8
Kind Dark Chocolate Chunk Gluten Free Granola Bars - 5 Count,9
"Pantene Color Preserve Volume Shampoo, 25.4oz",10
"Aussie Aussome Volume Shampoo, 13.5 Oz",11
Cars Toon: Mater's Tall Tales,12
CeraVe SA Renewing Cream,13
Solo Foods Almond Paste,14
"Finish Quantum Dishwasher Detergent, Lemon Sparkle Scent, 45 Count",15
Disney174 Jake And The Neverland Pirates 4 Piece Bedding Set - Toddler,16
Pearhead Id Bracelet Frame,17
Craft Punch Giga Scallop Circle 45 24687534 To 334,18
"Neutrogena Wet Skin Sunscreen Spray Broad Spectrum SPF 50, 5oz",19
Meguiar's Deep Crystal Car Wash 64-Oz.,20
"Banana Boat Sunless Summer Color Self Tanning Lotion, Light To Medium",21
"Cetaphil Gentle Skin Cleanser, 2oz",22
"Suave Professionals Hair Conditioner, Sleek",23
Bumble Bee Solid White Albacore In Water - 5 Oz,24
Citrus Magic Instant Spot & Stain Remover,25
La Tortilla Factory Hand Made Style Tortillas Flour,26
Black Sister's Revenge (dvd),27
Sea Gull Lighting Six Light Bath Sconce/vanity - Brushed Nickel,28
"The Seaweed Bath Co. Argan Conditioner, Smoothing Citrus",29
"Way Basics 3-Shelf Eco Narrow Bookcase Storage Shelf, Espresso - Formaldehyde Free - Lifetime Guarantee",30
Bi-O-kleen Spray & Wipe All Purpose Cleaner,31
Yes To Carrots Nourishing Body Wash,32
Alberto VO5 Salon Series Smooth Plus Sleek Shampoo,33
Dark Shadows (includes Digital Copy) (ultraviolet) (dvdvideo),34
Clambake (dvd),35
Mike Dave Need Wedding Dates (dvd + Digital),36
Sea Gull Lighting Ceiling Fan - White,37
Progresso Traditional Meatball & Rice Soup,38
Herr's Baked Cheese Curls,39
Hawaiian Punch Berry Limeade Blast Juice,40
Moom Express Pre Waxed Strips For Face & Bikini,41
My Big Fat Greek Wedding 2 (blu-Ray + Dvd + Digital),42
King Ralph (dvd),43
Holmes174 Personal Indoor Heater W/ Manual Controls White 1500w Hfh131-N,44
The Script - No Sound Without Silence (cd),45
"Beanitos Bean Chips, Simply Pinto Bean",46
Pantene Pro-V Expert Collection Age Defy Conditioner,47
Greyson Vintage Industrial Occasional Cocktail Coffee Table - Antique Bronze - Baxton Studio,48
Nature's Path Flax Plus Maple Pecan Crunch Cereal,49
Lite Source Basic Ii 1-Lt Floor Lamp - Dark Bronze,50
"Sloan Royal Urinal Flush Valve, 1.0 Gpf, Royal 186-1",51
Sunflower Swag With Metal Frame - Nearly Natural,52
Toy Story Kids' Woody Accessory Kit,53
Maranatha No Stir Raw Maple Almond Butter,54
Chex Muddy Buddies Brownie Supreme Snack Mix,55
Sopranos:Season 6 Part 1 (blu-Ray),56
Tresemme Kertatin Smooth Infusing Conditioning,57
Wagan Smartac 80watt Inverter With Usb,58
"Creme Of Nature Intensive Conditioning Treatment, 32",59
Arrid Extra Dry Anti-Perspirant Deodorant Spray Regular,60
Eagle Fat Free Sweetened Condensed Milk,61
"Pinaud Clubman Styling Gel, Superhold",62
Wedding Wishes Wedding Guest Book,63
Diet Canada Dry Ginger Ale - 12pk/12 Fl Oz Cans,64
Baxter Of California Cream Pomade,65
Ragu Roasted Garlic Parmesan Pasta Sauce,66
Sabre 2 Pack Door And Window Alarm,67
"Pendaflex174 Divide It Up File Folder, Multi Section, Letter, Assorted, 12/pack",68
"Newman's Own Organics Licorice Twist, Black 5oz",69
The Honest Company Laundry Detergent,70
Plano Mini-Magnum 13-Compartment Tackle Box,71
Hoover174 Platinum Collection153 Lightweight Bagged Upright Vacuum With Canister - Uh30010com,72
Stander Pt Bedcane - Bed Handle,73
Calvin Klein Secret Obsession Eau De Parfum,74
"Wallmount Server Cabinet (450mm, 9 RU)",75
Happy Tot Apple and Butternut Squash,76
Udi's Pepperoni Pizza,77
"Better Built 74010862 Bet74010862 60In Crossover Two Lid, Deep, Truck Tool Box",78
The Resident Evil Collection 5 Discs (blu-Ray),79
Annie's Homegrown Gluten Free Double Chocolate Chip Granola Bars,80
"Super Poligrip Denture Adhesive Cream, Ultra Fresh - 2.4 Oz",81
Nearly Natural 5.5' Bamboo W/decorative Planter,82
100:Complete First Season (blu-Ray),83
"Australian Gold Exotic Blend Lotion, SPF 4",84
"Colorganics Lipstick, Cayenne",85
Germ Guardian174 Elite 3-In-1 Pet Pure True Hepa Air Purifier Ac4300bptca,86
Red (special Edition) (dvdvideo),87
"Hormel Chili, No Beans",88
Tai Pei Sweet & Sour Chicken,89
Clorox Disinfecting Wipes Value Pack Scented 150 Ct Total,90
"Avery174 Ready Index Contemporary Table Of Contents Divider, 1-8, Multi, Letter",91
Chips Deluxe Soft 'n Chewy Cookies,92
"WeatherTech 40647 14-15 Outlander Cargo Liners Behind 2nd Row, Black",93
Orajel Maximum Strength Toothache Pain Relief Liquid,94
Chester's Cheese Flavored Puffcorn Snacks,95
D-Con Mice Bait Station - 3ct,96
"Lysol Concentrate Deodorizing Cleaner, Original Scent",97
Coola Organic Sunscreen Classic Face Cucumber SPF 30,98
"Burt's Bees Lip Shimmer, Raisin",99
SC Johnson One Step No Buff Wax,100
"Simple Green All-Purpose Cleaner, 16oz",101
Wilton Black Dots Standard Baking Cups,102
Mrs. Meyer's174 Lemon Verbena Laundry Scent Booster - 18oz,103
Cuisinart174 Electric Juicer - Stainless Steel Cje-1000,104
Avery174 11-1/4 X 9-1/4 Index Maker Extra Wide Label Dividers With 5 Tab - Clear (5 Sets Per Pack),105
"Iman Second To None Stick Foundation, Clay 1",106
Romantic Drama: Greatest Classic Films Collection 2 Discs,107
"Lundberg Wehani Rice, 25lb",108
Post Bound Jumbo Album - Burgundy (11x14),109
Stonyfield Yobaby Peach & Pear Yogurt 4oz 6 Ct,110
Charcoal Stone Toothbrush Holder Gray,111
"Bounce Dryer Sheets, Fresh Linen, 160 sheets",112
"L'oreal Paris Visible Lift Smooth Absolute, Natural Buff",113
"Just For Men Touch Of Gray Gray Hair Treatment, Black T-55",114
Roommates No Place Like Home Peel Stick Wall Decals,115
Pocket Watch Wall Clock Distressed Black - Yosemite Home Decor174,116
Kraus FVS-1007 Single Hole Vessel Bathroom Faucet from the Ramus Collection,117
Mill Creek Aloe Vera & Paba Lotion,118
"All,bran Complete Wheat Flakes, 18 Oz.",119
Clorox Ultimate Care Premium Bleach,120
Kind Nut Delight Bar,121
"Coty Airspun Face Powder, Translucent Extra Coverage",122
Nature's Path Chunky Chocolate Peanut Chewy Granola Bars,123
Axe Dry Anti-Perspirant Deodorant Invisible Solid Phoenix,124
Power Crunch Protein Energy Bar Peanut Butter Creme Original,125
"42 Dual Drop Leaf Table with 2 Madrid Chairs""",126
"Smead174 Recycled Letter Size Manila File Backs W/prong Fasteners, 2 Capacity, 100/box",127
Nearly Natural Pothos Ledge Plant (set On Foam) Silk Plant,128
Little Bedding By Nojo Jungle Dreams 2 Pack Sheet Set,129
Sizzix Framelits Dies 1by Tim Holtz Bird Crazy-Silver Asst Sizes,130
Vaseline Intensive Care Lip Therapy Cocoa Butter,131
Tostitos Simply Blue Corn Tortilla Chips,132
Starbucks153 Doubleshot Protein Coffee - 11 Fl Oz,133
Bill Glor Gaither - Church In The Wildwood (cd),134
"RC Cola, 12oz",135
There's Something About Mary (dvd),136
Head & Shoulders Dandruff Shampoo Ocean Lift 2 In 1,137
Scotty Mini Double Ended Extender,138
Elvis Presley - Girl Happy (cd),139
Kenroy Home Table Lamp - Chrome,140
Black Front Loading Frame Set (8.5x11) Set Of 12,141
"Dermalogica Special Cleansing Gel, 8.4oz",142
"L'oreal Paris Colour Caresse Wet Shine Stain, Pink Resistance",143
Doc Mcstuffins: Friendship Is The Best Medicine,144
"Smead174 3-In-1 Supertab Section Folders, 1/3 Cut Top Tab, Letter, Assorted, 12/pack",145
Bilbao Nightstand Gray Oak - South Shore,146
Africa's Best No-Lye Dual Conditioning Relaxer System Super,147
Tramontina Ceramica 10 Piece Cookware Set - Red,148
"Newman's Own Balsamic Vinaigrette, 16.0oz",149
"Carson-Dellosa Publishing Photographic Learning Cards Boxed Set, Nouns/verbs/adjectives, Grades K-12",150
Home Health Hairever Shampoo,151
Lite Source Reiko 1 Light Table Lamp - Orange,152
Sea Gull Lighting One Light Wall/bath/vanity-Brushed Nickel,153
J.a. Henckels International 4-Pc Everedge Plus Steak Knife Set,154
Olay Moisturizing Lotion For Sensitive Skin,155
"Kikkoman Soy Sauce, 5fl oz",156
Kohler 10280-4 Fort Bath Spout With Sculpted Lift Rod and 1/2-in NPT Connection,157
Naturtint Nutrideep Multiplier Protective Cream,158
Gain Original Scent Liquid Fabric Softener 129 Oz,159
"Burt's Bees Lip Shimmer, Watermelon",160
Pleasant Hearth Diamond Fireplace Screen - Espresso,161
Scooby Doo And The Loch Ness Monster (blu-Ray),162
Cal Lighting Led Dark Bronze Finish Metal Piano Lamp,163
Lynk Professional174 Pull Out Cutting Board Bakeware Sliding Cabinet Organizer,164
Trend Lab Park Nursing Cover - Paisley,165
L'oreal Paris Advanced Hairstyle Boost It High Lift Creation Spray,166
Plum Organics Just Prunes,167
"Batherapy Natural Mineral Bath Sport Liquid, 16 oz",168
"Candy Pink Plastic Cups, 20 pk",169
Various - Country's Greatest Gospel:Gold Ed (cd),170
JNH Lifestyles Goldstar 3 Person FAR Infrared Sauna,171
Soothing Touch Lemon Cardamom Vegan Lip Balm .25 Oz,172
"2x Ultra Era with Oxi Booster, 50fl oz",173
Every Man Jack Pomade Signature Mint Scent,174
Reebok Classic Leather Running Shoes - White (Men),175
Annie's Homegrown Deluxe Elbows & Four Cheese Sauce,176
Delta Single Handle Shower Faucet,177
"Ogx Conditioner, Hydrating Teatree Mint",178
"Physicians Formula Mineral Wear Talc-Free Mineral Correcting Powder, Creamy Natural",179
Equals (blu-Ray),180
Weleda Everon Lip Balm,181
Fiskars174 Classic Stick Rotary Cutter (45 Mm),182
Clorox Disinfecting Bathroom Cleaner,183
"BRIDGESTONE 130/70ZR18M/C(63W)FRONT EXEDRA G851, CRUISER RADL",184
Metzeler ME888 Marathon Ultra Custom Touring Front Tire 100/90-19,185
Fantasy Fields Lil' Sports Fan Step Stool - Teamson,186
Starbucks Iced Expresso Classics Vanilla Latte Coffee Beverage - 40oz,187
Head & Shoulders Classic Clean Conditioner,188
Blue Anchor Design Throw Pillow (18x18) - Rizzy Home,189
Kendall Comforter And Sheet Set (twin) Aqua - 7pc,190
"Tree Hut Shea Body Butters, Coconut Lime, 7 oz",191
Cococare 100% Natural Castor Oil,192
Pacific Natural Foods Organic Beef Broth,193
Honeywell Heatbud Ceramic Heater Black,194
"Jergens Extra Moisturizing Liquid Hand Wash, 7.5oz",195
Lay's Salt & Vinegar Flavored Potato Chips,196
Noosa Honey Yogurt,197
0.6 Cu. Ft. Letter A4 Size Waterproof 30 Min. Fire File Chest,198
If A Man Answers (dvd),199
"Pleasant Hearth 1,800 sq ft Wood Burning Stove with Blower, Medium, LWS-127201",200
Stacy's Simply Naked Bagel Chips,201
Stacy's Garden Veggie Medley Pita Chips,202
Tostitos Bite Size Tortilla Chips,203
Nexxus Exxtra Gel Style Creation Sculptor,204
Hollywood Beauty Olive Cholesterol,205
Southern Enterprises Archer Fold-Away Home Bar in Walnut,206
Chips Ahoy! Original Chocolate Chip - Cookies - Family Size 18.2oz,207
4C Grated Parmesan Cheese 100% Natural 8oz Shaker,208
"Caress Moisturizing Body Bar Natural Silk, 4.75oz",209
Feit 60-Watt A19 Gu24 Base Led Light Bulb - Soft White,210
Heiress (dvd),211
Mia Shower Curtain Green/brown - Lush Decor174,212
Progresso Traditional Chicken Tuscany Soup,213
Yes To Grapefruit Rejuvenating Body Wash,214
Progresso Light Vegetable & Noodle Soup,215
Maybelline Clean Express! Makeup Removing Lotion,216
"Physicians Formula Powder Palette Mineral Glow Pearls, Translucent Pearl",217
"Pleasant Hearth 7.5 Steel Grate, 30 5 Bar - Black",218
Switchmas (dvd),219
Vaseline Intensive Care Healthy Hands Stronger Nails,220
Solo Foods Poppy Seed Cake and Pastry Filling,221
Alex Cross (dvdvideo),222
Clear Scalp & Hair Therapy Total Care Nourishing Shampoo,223
Progresso Traditional Chicken Rice With Vegetables Soup,224
Cheetos Crunchy Flamin' Hot Cheese Flavored Snacks,225
Bisquick Original Pancake And Baking Mix - 40oz,226
Olivella Bar Soap - 3.52 Oz,227
Godzilla 3d Includes Digital Copy Ultraviolet 3d/2d Blu-Ray/dvd,228
Voortman Sugar Free Fudge Chocolate Chip Cookies,229
"Finish Gelpacs Dishwasher Detergent, Orange Scent, 84ct",230
Tim Holtz Retractable Craft Pick-Red 6x.5,231
Ragu Traditional Pasta Sauce,232
Stargate (ws) (ultimate Edition) (director's Cut) (dvdvideo),233
"Iman Luxury Moisturizing Lipstick, Black Brandy 006",234
"Aveeno Baby Continuous Protection Lotion Sunscreen with Broad Spectrum SPF 55, 4oz",235
5302050 15/16 FCT/HOSE ADAPTOR,236
"Ben & Jerry's Coffee, Coffee Buzzbuzzbuzz! Ice Cream, Pint",237
Jolly Time Select Premium Yellow Pop Corn,238
Leslie Sansone:Belly Blasting Walk (dvd),239
Boraam Sonoma Kitchen Cart With Wire Brush Gray - Maaya Home,240
Jason Aldean - They Don't Know,241
Ogx Anti-breakage Keratin Oil 3 Minute Miraculous Recovery,242
Meguiar's Ultimate Quik Detailer 22-Oz.,243
Care Free Curl Gold Instant Activator,244
Spam Single Classic,245
"Smead174 2 1/4 Inch Accordion Expansion Wallet, Poly, Letter, Translucent Green",246
Cantu Coconut Milk Shine Hold Mist - 8oz,247
"Vicks Vaporub, Regular, 3.53oz",248
Planes: Fire Rescue (2 Discs) (includes Digital Copy) (blu-Ray/dvd),249
Various Artists - Choo Choo Soul (cd),250
High-Dome Floor Door Stop,251
"Shea Moisture Mango & Carrot Kids Extra-Nourishing Conditioner, 8fl Oz",252
Ceiling Fan With Light White 14.2 X 29.9 X 9.2 - Hunter Fan,253
Concept Housewares 36 Natural Wood ceiling mounted pot rack,254
Tostitos Original Restaurant Style Tortilla Chips,255
Walkers Stem Ginger Shortbread,256
Barielle Nail Rebuilding Protein,257
"Musselman Apple Sauce, Cinnamon, 48oz",258
"Storkcraft Tuscany Glider and Ottoman, Beige Cushions, Espresso Finish",259
Queen Helene Cocoa Butter Solid,260
"Bodycology Nourishing Body Cream, Pretty In Paris",261
Sea Gull Lighting Holman One Light Wall/bath Sconce - Brushed Nickel,262
Chobani174 Strawberry On The Bottom Non-Fat Greek Yogurt - 5.3oz,263
Meguiars Interior Detailer Wipes 25ct,264
Bedtime Originals Pinkie Musical Mobile,265
Various - Red Hot Blue:Tribute To Cole Porter (cd),266
L'oreal Paris Advanced Hairstyle TXT IT Hyper-Fix Putty,267
2017-2018 Brownline174 Duraflex 14-Month Planner 8 1/2 X 11 Black,268
Mrs. Meyer's Lemon Verbena Surface Scrub,269
L'or233al Paris Elvive Extraordinary Clay Rebalancing Conditioner - 12.6 Fl Oz,270
